order_id;order_date;order_detail/information;order_status;order_deadline
1;01/11/2020;Tipe1 Biasa 160 Abu-Abu;;
2;01/11/2020;Tipe1 Biasa 180 Abu-Abu;;
3;01/11/2020;Tipe1 Biasa 120 Coklat;;
4;01/11/2020;Tipe1 Biasa 160 Coklat;;
5;01/11/2020;Tipe2 Biasa 180 Coklat;;
6;01/11/2020;Tipe2 Biasa 160 Hitam;;
7;01/11/2020;Tipe2 Biasa 160 Merah;;
8;03/11/2020;Tipe3 Biasa 160 Hitam;;
9;03/11/2020;Tipe3 Biasa 160 Hitam;;
10;03/11/2020;Tipe3 Biasa 160 Pink;;
11;03/11/2020;Tipe4 Biasa 160 Abu-Abu;;
12;03/11/2020;Tipe4 Biasa 180 Hitam;;
13;03/11/2020;Tipe4 Laci 160 Coklat;;
14;03/11/2020;Tipe2 Permata 160 Pink;;
15;05/11/2020;Tipe1 Biasa 160 Abu-Abu;;
16;05/11/2020;Tipe1 Biasa 120 Hitam;;
17;05/11/2020;Tipe1 Biasa 180 Hitam;;
18;05/11/2020;Tipe2 Biasa 160 Abu-Abu;;
19;05/11/2020;Tipe2 Biasa 160 Coklat;;
20;05/11/2020;Tipe2 Biasa 180 Hitam;;
21;05/11/2020;Tipe3 Biasa 120 Coklat;;
22;05/11/2020;Tipe3 Biasa 160 Hitam;;
23;05/11/2020;Tipe3 Biasa 160 Hitam;;
24;05/11/2020;Tipe3 Biasa 120 Pink;;
25;05/11/2020;Tipe4 Biasa 160 Hitam;;
26;05/11/2020;Tipe4 Biasa 180 Pink;;
27;05/11/2020;Tipe2 Laci 180 Hitam;;
28;05/11/2020;Tipe4 Permata 160 Abu-Abu;;
29;05/11/2020;Tipe1 Biasa 160 Hitam;;
30;05/11/2020;Tipe1 Biasa 160 Merah;;
31;08/11/2020;Tipe2 Biasa 160 Coklat;;
32;08/11/2020;Tipe2 Biasa 120 Hitam;;
33;08/11/2020;Tipe2 Biasa 160 Hitam;;
34;08/11/2020;Tipe2 Biasa 160 Hitam;;
35;08/11/2020;Tipe2 Biasa 160 Hitam;;
36;08/11/2020;Tipe2 Biasa 140 Pink;;
37;08/11/2020;Tipe3 Biasa 140 Abu-Abu;;
38;10/11/2020;Tipe3 Biasa 120 Pink;;
39;10/11/2020;Tipe4 Biasa 140 Hitam;;
40;10/11/2020;Tipe2 Laci 160 Hitam;;
41;10/11/2020;Tipe4 Laci 160 Hitam;;
42;10/11/2020;Tipe3 Permata 140 Abu-Abu;;
43;10/11/2020;Tipe1 Biasa 120 Hitam;;
44;10/11/2020;Tipe1 Biasa 140 Hitam;;
45;10/11/2020;Tipe2 Biasa 140 Abu-Abu;;
46;12/11/2020;Tipe2 Biasa 160 Abu-Abu;;
47;12/11/2020;Tipe2 Biasa 140 Coklat;;
48;12/11/2020;Tipe2 Biasa 160 Coklat;;
49;12/11/2020;Tipe2 Biasa 160 Coklat;;
50;12/11/2020;Tipe2 Biasa 140 Pink;;
51;12/11/2020;Tipe3 Biasa 160 Hitam;;
52;12/11/2020;Tipe3 Biasa 160 Hitam;;
53;12/11/2020;Tipe3 Biasa 180 Hitam;;
54;12/11/2020;Tipe3 Biasa 180 Hitam;;
55;12/11/2020;Tipe4 Biasa 140 Coklat;;
56;15/11/2020;Tipe2 Permata 140 Hitam;;
57;15/11/2020;Tipe1 Biasa 160 Abu-Abu;;
58;15/11/2020;Tipe1 Biasa 160 Coklat;;
59;15/11/2020;Tipe1 Biasa 180 Coklat;;
60;15/11/2020;Tipe2 Biasa 160 Hitam;;
61;15/11/2020;Tipe2 Biasa 180 Hitam;;
62;15/11/2020;Tipe2 Biasa 180 Hitam;;
63;15/11/2020;Tipe3 Biasa 140 Coklat;;
64;17/11/2020;Tipe3 Biasa 140 Hitam;;
65;17/11/2020;Tipe3 Biasa 180 Merah;;
66;17/11/2020;Tipe4 Biasa 160 Abu-Abu;;
67;17/11/2020;Tipe4 Biasa 140 Coklat;;
68;17/11/2020;Tipe4 Biasa 160 Hitam;;
69;17/11/2020;Tipe4 Biasa 160 Hitam;;
70;17/11/2020;Tipe2 Permata 120 Hitam;;
71;17/11/2020;Tipe1 Biasa 120 Abu-Abu;;
72;17/11/2020;Tipe1 Biasa 160 Abu-Abu;;
73;17/11/2020;Tipe1 Biasa 180 Hitam;;
74;17/11/2020;Tipe2 Biasa 160 Abu-Abu;;
75;17/11/2020;Tipe2 Biasa 160 Abu-Abu;;
76;19/11/2020;Tipe2 Biasa 160 Coklat;;
77;19/11/2020;Tipe2 Biasa 120 Hitam;;
78;19/11/2020;Tipe2 Biasa 160 Hitam;;
79;19/11/2020;Tipe3 Biasa 160 Coklat;;
80;19/11/2020;Tipe3 Biasa 140 Hitam;;
81;19/11/2020;Tipe3 Biasa 180 Hitam;;
82;19/11/2020;Tipe4 Biasa 120 Coklat;;
83;19/11/2020;Tipe2 Permata 180 Coklat;;
84;19/11/2020;Tipe2 Permata 140 Hitam;;
85;19/11/2020;Tipe1 Biasa 140 Hitam;;
86;19/11/2020;Tipe2 Biasa 140 Abu-Abu;;
87;19/11/2020;Tipe2 Biasa 140 Abu-Abu;;
88;19/11/2020;Tipe2 Biasa 140 Abu-Abu;;
89;22/11/2020;Tipe2 Biasa 140 Hitam;;
90;22/11/2020;Tipe2 Biasa 160 Hitam;;
91;22/11/2020;Tipe3 Biasa 160 Coklat;;
92;22/11/2020;Tipe4 Biasa 160 Abu-Abu;;
93;22/11/2020;Tipe4 Biasa 140 Coklat;;
94;22/11/2020;Tipe4 Biasa 160 Coklat;;
95;22/11/2020;Tipe4 Biasa 160 Coklat;;
96;24/11/2020;Tipe4 Biasa 160 Hitam;;
97;24/11/2020;Tipe4 Biasa 160 Pink;;
98;24/11/2020;Tipe2 Permata 140 Hitam;;
99;24/11/2020;Tipe1 Biasa 160 Hitam;;
100;24/11/2020;Tipe2 Biasa 160 Abu-Abu;;
101;24/11/2020;Tipe2 Biasa 160 Abu-Abu;;
102;24/11/2020;Tipe2 Biasa 160 Hitam;;
103;26/11/2020;Tipe2 Biasa 140 Merah;;
104;26/11/2020;Tipe3 Biasa 180 Coklat;;
105;26/11/2020;Tipe4 Biasa 120 Hitam;;
106;26/11/2020;Tipe3 Laci 160 Abu-Abu;;
107;26/11/2020;Tipe1 Permata 160 Coklat;;
108;26/11/2020;Tipe1 Permata 120 Merah;;
109;26/11/2020;Tipe2 Permata 160 Hitam;;
110;26/11/2020;Tipe2 Permata 180 Hitam;;
111;26/11/2020;Tipe2 Permata 180 Merah;;
112;26/11/2020;Tipe3 Permata 180 Hitam;;
113;26/11/2020;Tipe1 Biasa 180 Merah;;
114;26/11/2020;Tipe1 Biasa 140 Pink;;
115;26/11/2020;Tipe1 Biasa 160 Pink;;
116;26/11/2020;Tipe2 Biasa 140 Coklat;;
117;26/11/2020;Tipe2 Biasa 160 Hitam;;
118;29/11/2020;Tipe2 Biasa 160 Hitam;;
119;29/11/2020;Tipe2 Biasa 160 Hitam;;
120;29/11/2020;Tipe2 Biasa 180 Hitam;;
121;29/11/2020;Tipe2 Biasa 180 Hitam;;
122;29/11/2020;Tipe3 Biasa 140 Hitam;;
123;29/11/2020;Tipe3 Biasa 160 Hitam;;
124;29/11/2020;Tipe2 Permata 140 Abu-Abu;;
125;29/11/2020;Tipe2 Permata 160 Merah;;
126;29/11/2020;Tipe3 Permata 120 Hitam;;
127;29/11/2020;Tipe1 Biasa 160 Abu-Abu;;
128;01/12/2020;Tipe2 Biasa 180 Coklat;;
129;01/12/2020;Tipe2 Biasa 160 Pink;;
130;01/12/2020;Tipe2 Biasa 180 Pink;;
131;01/12/2020;Tipe3 Biasa 160 Coklat;;
132;01/12/2020;Tipe3 Biasa 160 Coklat;;
133;01/12/2020;Tipe3 Biasa 140 Hitam;;
134;01/12/2020;Tipe3 Biasa 160 Hitam;;
135;01/12/2020;Tipe3 Biasa 160 Hitam;;
136;01/12/2020;Tipe3 Biasa 180 Hitam;;
137;01/12/2020;Tipe3 Biasa 160 Merah;;
138;01/12/2020;Tipe4 Biasa 160 Coklat;;
139;01/12/2020;Tipe3 Laci 160 Hitam;;
140;01/12/2020;Tipe2 Permata 160 Merah;;
141;01/12/2020;Tipe1 Biasa 120 Hitam;;
142;03/12/2020;Tipe1 Biasa 160 Hitam;;
143;03/12/2020;Tipe1 Biasa 160 Merah;;
144;03/12/2020;Tipe1 Biasa 180 Pink;;
145;03/12/2020;Tipe3 Biasa 120 Abu-Abu;;
146;03/12/2020;Tipe3 Biasa 160 Abu-Abu;;
147;03/12/2020;Tipe3 Biasa 160 Coklat;;
148;03/12/2020;Tipe3 Biasa 140 Merah;;
149;03/12/2020;Tipe4 Biasa 140 Abu-Abu;;
150;03/12/2020;Tipe4 Biasa 140 Hitam;;
151;06/12/2020;Tipe4 Biasa 160 Hitam;;
152;06/12/2020;Tipe4 Biasa 180 Pink;;
153;06/12/2020;Tipe3 Laci 160 Hitam;;
154;06/12/2020;Tipe3 Permata 120 Coklat;;
155;06/12/2020;Tipe1 Biasa 160 Hitam;;
156;06/12/2020;Tipe2 Biasa 160 Abu-Abu;;
157;06/12/2020;Tipe2 Biasa 160 Hitam;;
158;06/12/2020;Tipe2 Biasa 160 Hitam;;
159;06/12/2020;Tipe3 Biasa 160 Coklat;;
160;06/12/2020;Tipe3 Biasa 160 Coklat;;
161;06/12/2020;Tipe3 Biasa 160 Hitam;;
162;06/12/2020;Tipe3 Biasa 160 Hitam;;
163;08/12/2020;Tipe4 Biasa 120 Hitam;;
164;08/12/2020;Tipe4 Biasa 160 Hitam;;
165;08/12/2020;Tipe4 Biasa 140 Merah;;
166;08/12/2020;Tipe4 Biasa 160 Pink;;
167;08/12/2020;Tipe1 Laci 160 Hitam;;
168;08/12/2020;Tipe2 Permata 160 Abu-Abu;;
169;08/12/2020;Tipe1 Biasa 160 Abu-Abu;;
170;08/12/2020;Tipe1 Biasa 160 Coklat;;
171;08/12/2020;Tipe2 Biasa 160 Abu-Abu;;
172;08/12/2020;Tipe2 Biasa 160 Coklat;;
173;08/12/2020;Tipe2 Biasa 140 Hitam;;
174;10/12/2020;Tipe3 Biasa 160 Abu-Abu;;
175;10/12/2020;Tipe3 Biasa 160 Abu-Abu;;
176;10/12/2020;Tipe3 Biasa 180 Abu-Abu;;
177;10/12/2020;Tipe4 Biasa 140 Hitam;;
178;10/12/2020;Tipe4 Biasa 160 Hitam;;
179;10/12/2020;Tipe4 Biasa 140 Merah;;
180;10/12/2020;Tipe4 Biasa 140 Merah;;
181;10/12/2020;Tipe1 Laci 160 Hitam;;
182;10/12/2020;Tipe2 Laci 140 Abu-Abu;;
183;10/12/2020;Tipe1 Biasa 180 Abu-Abu;;
184;10/12/2020;Tipe1 Biasa 160 Coklat;;
185;10/12/2020;Tipe1 Biasa 140 Pink;;
186;10/12/2020;Tipe1 Biasa 180 Pink;;
187;13/12/2020;Tipe2 Biasa 160 Hitam;;
188;13/12/2020;Tipe2 Biasa 120 Pink;;
189;13/12/2020;Tipe3 Biasa 180 Coklat;;
190;13/12/2020;Tipe3 Biasa 160 Hitam;;
191;13/12/2020;Tipe3 Biasa 160 Hitam;;
192;13/12/2020;Tipe4 Biasa 180 Hitam;;
193;13/12/2020;Tipe2 Laci 160 Pink;;
194;13/12/2020;Tipe3 Laci 180 Abu-Abu;;
195;13/12/2020;Tipe3 Laci 140 Hitam;;
196;13/12/2020;Tipe2 Permata 140 Coklat;;
197;13/12/2020;Tipe1 Biasa 160 Coklat;;
198;13/12/2020;Tipe1 Biasa 160 Coklat;;
199;15/12/2020;Tipe1 Biasa 160 Hitam;;
200;15/12/2020;Tipe2 Biasa 140 Abu-Abu;;
201;15/12/2020;Tipe2 Biasa 160 Hitam;;
202;15/12/2020;Tipe2 Biasa 160 Pink;;
203;15/12/2020;Tipe3 Biasa 160 Coklat;;
204;15/12/2020;Tipe3 Biasa 160 Coklat;;
205;15/12/2020;Tipe3 Biasa 160 Coklat;;
206;15/12/2020;Tipe3 Biasa 180 Hitam;;
207;17/12/2020;Tipe4 Biasa 160 Hitam;;
208;17/12/2020;Tipe3 Laci 160 Hitam;;
209;17/12/2020;Tipe2 Permata 160 Coklat;;
210;17/12/2020;Tipe3 Permata 160 Hitam;;
211;17/12/2020;Tipe1 Biasa 140 Abu-Abu;;
212;17/12/2020;Tipe1 Biasa 140 Abu-Abu;;
213;17/12/2020;Tipe1 Biasa 160 Abu-Abu;;
214;17/12/2020;Tipe1 Biasa 140 Coklat;;
215;17/12/2020;Tipe1 Biasa 140 Hitam;;
216;17/12/2020;Tipe2 Biasa 140 Abu-Abu;;
217;17/12/2020;Tipe2 Biasa 160 Coklat;;
218;17/12/2020;Tipe2 Biasa 160 Coklat;;
219;17/12/2020;Tipe2 Biasa 160 Coklat;;
220;17/12/2020;Tipe2 Biasa 160 Hitam;;
221;17/12/2020;Tipe3 Biasa 160 Hitam;;
222;20/12/2020;Tipe4 Laci 180 Hitam;;
223;20/12/2020;Tipe1 Permata 160 Abu-Abu;;
224;20/12/2020;Tipe3 Permata 140 Coklat;;
225;20/12/2020;Tipe1 Biasa 120 Hitam;;
226;20/12/2020;Tipe1 Biasa 160 Hitam;;
227;20/12/2020;Tipe1 Biasa 120 Merah;;
228;20/12/2020;Tipe2 Biasa 160 Abu-Abu;;
229;20/12/2020;Tipe2 Biasa 180 Coklat;;
230;20/12/2020;Tipe2 Biasa 140 Hitam;;
231;22/12/2020;Tipe2 Biasa 160 Hitam;;
232;22/12/2020;Tipe2 Biasa 120 Merah;;
233;22/12/2020;Tipe3 Biasa 160 Abu-Abu;;
234;22/12/2020;Tipe3 Biasa 120 Hitam;;
235;22/12/2020;Tipe4 Biasa 160 Merah;;
236;22/12/2020;Tipe4 Biasa 180 Pink;;
237;22/12/2020;Tipe2 Laci 140 Abu-Abu;;
238;22/12/2020;Tipe4 Laci 160 Pink;;
239;22/12/2020;Tipe1 Biasa 120 Merah;;
240;22/12/2020;Tipe2 Biasa 120 Abu-Abu;;
241;22/12/2020;Tipe2 Biasa 160 Hitam;;
242;24/12/2020;Tipe3 Biasa 160 Abu-Abu;;
243;24/12/2020;Tipe3 Biasa 160 Coklat;;
244;24/12/2020;Tipe3 Biasa 160 Hitam;;
245;24/12/2020;Tipe3 Biasa 160 Hitam;;
246;24/12/2020;Tipe4 Biasa 120 Hitam;;
247;24/12/2020;Tipe4 Biasa 140 Hitam;;
248;24/12/2020;Tipe4 Biasa 180 Hitam;;
249;24/12/2020;Tipe4 Biasa 160 Pink;;
250;24/12/2020;Tipe3 Laci 160 Abu-Abu;;
251;24/12/2020;Tipe1 Permata 140 Hitam;;
252;24/12/2020;Tipe3 Permata 160 Abu-Abu;;
253;24/12/2020;Tipe1 Biasa 160 Abu-Abu;;
254;27/12/2020;Tipe1 Biasa 160 Abu-Abu;;
255;27/12/2020;Tipe1 Biasa 160 Hitam;;
256;27/12/2020;Tipe2 Biasa 120 Coklat;;
257;27/12/2020;Tipe2 Biasa 180 Coklat;;
258;27/12/2020;Tipe2 Biasa 160 Hitam;;
259;27/12/2020;Tipe3 Biasa 160 Coklat;;
260;27/12/2020;Tipe3 Biasa 180 Coklat;;
261;27/12/2020;Tipe3 Biasa 160 Hitam;;
262;27/12/2020;Tipe3 Biasa 160 Pink;;
263;27/12/2020;Tipe3 Biasa 180 Pink;;
264;27/12/2020;Tipe4 Biasa 180 Hitam;;
265;27/12/2020;Tipe4 Biasa 180 Hitam;;
266;27/12/2020;Tipe2 Laci 120 Coklat;;
267;29/12/2020;Tipe1 Biasa 140 Coklat;;
268;29/12/2020;Tipe1 Biasa 160 Hitam;;
269;29/12/2020;Tipe1 Biasa 160 Merah;;
270;29/12/2020;Tipe2 Biasa 180 Hitam;;
271;29/12/2020;Tipe3 Biasa 140 Coklat;;
272;29/12/2020;Tipe3 Biasa 140 Hitam;;
273;29/12/2020;Tipe3 Biasa 160 Hitam;;
274;29/12/2020;Tipe3 Biasa 160 Hitam;;
275;29/12/2020;Tipe4 Biasa 120 Coklat;;
276;31/12/2020;Tipe4 Biasa 160 Pink;;
277;31/12/2020;Tipe2 Permata 140 Hitam;;
278;31/12/2020;Tipe2 Permata 180 Hitam;;
279;31/12/2020;Tipe3 Permata 160 Coklat;;
280;31/12/2020;Tipe3 Permata 180 Hitam;;
281;31/12/2020;Tipe2 Biasa 140 Abu-Abu;;
282;31/12/2020;Tipe2 Biasa 160 Coklat;;
283;31/12/2020;Tipe2 Biasa 160 Hitam;;
284;31/12/2020;Tipe3 Biasa 140 Coklat;;
285;31/12/2020;Tipe3 Biasa 160 Hitam;;
286;31/12/2020;Tipe4 Biasa 160 Hitam;;
287;31/12/2020;Tipe4 Biasa 140 Merah;;
288;31/12/2020;Tipe4 Laci 160 Hitam;;
289;31/12/2020;Tipe1 Biasa 160 Hitam;;
290;31/12/2020;Tipe1 Biasa 180 Hitam;;
291;03/01/2021;Tipe2 Biasa 140 Merah;;
292;03/01/2021;Tipe3 Biasa 140 Hitam;;
293;03/01/2021;Tipe4 Biasa 160 Coklat;;
294;03/01/2021;Tipe1 Laci 160 Hitam;;
295;03/01/2021;Tipe3 Laci 160 Hitam;;
296;03/01/2021;Tipe2 Permata 120 Abu-Abu;;
297;03/01/2021;Tipe2 Biasa 180 Abu-Abu;;
298;03/01/2021;Tipe2 Biasa 140 Coklat;;
299;03/01/2021;Tipe2 Biasa 140 Hitam;;
300;03/01/2021;Tipe2 Biasa 140 Merah;;
301;05/01/2021;Tipe2 Biasa 160 Pink;;
302;05/01/2021;Tipe3 Biasa 140 Abu-Abu;;
303;05/01/2021;Tipe3 Biasa 160 Coklat;;
304;05/01/2021;Tipe3 Biasa 140 Hitam;;
305;05/01/2021;Tipe3 Biasa 180 Hitam;;
306;05/01/2021;Tipe3 Biasa 160 Merah;;
307;05/01/2021;Tipe4 Biasa 160 Hitam;;
308;05/01/2021;Tipe3 Permata 180 Coklat;;
309;05/01/2021;Tipe3 Permata 160 Hitam;;
310;05/01/2021;Tipe4 Permata 180 Hitam;;
311;05/01/2021;Tipe1 Biasa 140 Abu-Abu;;
312;05/01/2021;Tipe1 Biasa 160 Abu-Abu;;
313;05/01/2021;Tipe2 Biasa 140 Coklat;;
314;07/01/2021;Tipe2 Biasa 160 Coklat;;
315;07/01/2021;Tipe2 Biasa 160 Coklat;;
316;07/01/2021;Tipe2 Biasa 180 Coklat;;
317;07/01/2021;Tipe2 Biasa 120 Hitam;;
318;07/01/2021;Tipe2 Biasa 160 Pink;;
319;07/01/2021;Tipe2 Biasa 160 Pink;;
320;07/01/2021;Tipe3 Biasa 160 Abu-Abu;;
321;07/01/2021;Tipe3 Biasa 180 Abu-Abu;;
322;07/01/2021;Tipe3 Biasa 140 Hitam;;
323;07/01/2021;Tipe4 Biasa 180 Coklat;;
324;07/01/2021;Tipe4 Permata 160 Hitam;;
325;07/01/2021;Tipe1 Biasa 160 Abu-Abu;;
326;07/01/2021;Tipe1 Biasa 120 Coklat;;
327;07/01/2021;Tipe1 Biasa 160 Hitam;;
328;07/01/2021;Tipe2 Biasa 180 Hitam;;
329;07/01/2021;Tipe3 Biasa 180 Abu-Abu;;
330;07/01/2021;Tipe3 Biasa 140 Coklat;;
331;10/01/2021;Tipe3 Biasa 160 Coklat;;
332;10/01/2021;Tipe3 Biasa 160 Hitam;;
333;10/01/2021;Tipe3 Biasa 180 Hitam;;
334;10/01/2021;Tipe4 Biasa 140 Hitam;;
335;10/01/2021;Tipe4 Biasa 140 Hitam;;
336;12/01/2021;Tipe1 Permata 160 Hitam;;
337;12/01/2021;Tipe2 Permata 160 Hitam;;
338;12/01/2021;Tipe2 Permata 180 Hitam;;
339;12/01/2021;Tipe1 Biasa 160 Coklat;;
340;12/01/2021;Tipe1 Biasa 160 Hitam;;
341;12/01/2021;Tipe1 Biasa 180 Hitam;;
342;12/01/2021;Tipe2 Biasa 120 Hitam;;
343;12/01/2021;Tipe2 Biasa 160 Pink;;
344;12/01/2021;Tipe3 Biasa 120 Abu-Abu;;
345;12/01/2021;Tipe3 Biasa 180 Abu-Abu;;
346;14/01/2021;Tipe3 Biasa 160 Hitam;;
347;14/01/2021;Tipe3 Biasa 160 Pink;;
348;14/01/2021;Tipe4 Biasa 120 Pink;;
349;14/01/2021;Tipe1 Laci 140 Abu-Abu;;
350;14/01/2021;Tipe2 Laci 160 Hitam;;
351;14/01/2021;Tipe2 Permata 120 Abu-Abu;;
352;14/01/2021;Tipe3 Permata 160 Coklat;;
353;14/01/2021;Tipe1 Biasa 180 Abu-Abu;;
354;14/01/2021;Tipe1 Biasa 180 Coklat;;
355;14/01/2021;Tipe1 Biasa 160 Hitam;;
356;14/01/2021;Tipe2 Biasa 180 Hitam;;
357;14/01/2021;Tipe2 Biasa 180 Pink;;
358;14/01/2021;Tipe3 Biasa 160 Hitam;;
359;14/01/2021;Tipe3 Biasa 180 Hitam;;
360;14/01/2021;Tipe4 Biasa 180 Abu-Abu;;
361;14/01/2021;Tipe4 Biasa 160 Coklat;;
362;14/01/2021;Tipe4 Biasa 160 Pink;;
363;14/01/2021;Tipe2 Permata 140 Coklat;;
364;14/01/2021;Tipe4 Permata 160 Hitam;;
365;14/01/2021;Tipe1 Biasa 160 Abu-Abu;;
366;14/01/2021;Tipe1 Biasa 160 Coklat;;
367;14/01/2021;Tipe2 Biasa 120 Abu-Abu;;
368;17/01/2021;Tipe2 Biasa 140 Hitam;;
369;17/01/2021;Tipe2 Biasa 160 Hitam;;
370;17/01/2021;Tipe2 Biasa 160 Hitam;;
371;17/01/2021;Tipe2 Biasa 180 Merah;;
372;17/01/2021;Tipe2 Biasa 120 Pink;;
373;17/01/2021;Tipe3 Biasa 160 Coklat;;
374;17/01/2021;Tipe3 Biasa 180 Hitam;;
375;17/01/2021;Tipe4 Biasa 160 Abu-Abu;;
376;17/01/2021;Tipe1 Laci 140 Hitam;;
377;17/01/2021;Tipe2 Laci 120 Coklat;;
378;17/01/2021;Tipe4 Laci 160 Coklat;;
379;17/01/2021;Tipe1 Biasa 180 Abu-Abu;;
380;19/01/2021;Tipe1 Biasa 140 Coklat;;
381;19/01/2021;Tipe1 Biasa 160 Hitam;;
382;19/01/2021;Tipe2 Biasa 180 Abu-Abu;;
383;19/01/2021;Tipe2 Biasa 160 Coklat;;
384;19/01/2021;Tipe2 Biasa 140 Hitam;;
385;19/01/2021;Tipe3 Biasa 120 Abu-Abu;;
386;19/01/2021;Tipe3 Biasa 140 Abu-Abu;;
387;19/01/2021;Tipe3 Biasa 180 Coklat;;
388;19/01/2021;Tipe4 Biasa 140 Coklat;;
389;19/01/2021;Tipe4 Biasa 160 Hitam;;
390;19/01/2021;Tipe4 Biasa 160 Hitam;;
391;19/01/2021;Tipe1 Laci 140 Abu-Abu;;
392;19/01/2021;Tipe3 Permata 140 Abu-Abu;;
393;19/01/2021;Tipe1 Biasa 120 Coklat;;
394;21/01/2021;Tipe1 Biasa 160 Coklat;;
395;21/01/2021;Tipe1 Biasa 180 Coklat;;
396;21/01/2021;Tipe1 Biasa 160 Hitam;;
397;21/01/2021;Tipe1 Biasa 180 Hitam;;
398;21/01/2021;Tipe1 Biasa 180 Hitam;;
399;21/01/2021;Tipe2 Biasa 160 Hitam;;
400;21/01/2021;Tipe2 Biasa 120 Pink;;
401;21/01/2021;Tipe3 Biasa 140 Hitam;;
402;21/01/2021;Tipe4 Biasa 160 Coklat;;
403;21/01/2021;Tipe4 Biasa 160 Hitam;;
404;21/01/2021;Tipe2 Laci 160 Hitam;;
405;21/01/2021;Tipe1 Permata 160 Coklat;;
406;21/01/2021;Tipe2 Permata 160 Hitam;;
407;21/01/2021;Tipe1 Biasa 120 Hitam;;
408;24/01/2021;Tipe1 Biasa 140 Hitam;;
409;24/01/2021;Tipe2 Biasa 140 Coklat;;
410;24/01/2021;Tipe2 Biasa 180 Coklat;;
411;24/01/2021;Tipe2 Biasa 160 Hitam;;
412;24/01/2021;Tipe2 Biasa 160 Hitam;;
413;24/01/2021;Tipe2 Biasa 160 Hitam;;
414;24/01/2021;Tipe2 Biasa 180 Hitam;;
415;24/01/2021;Tipe3 Biasa 160 Abu-Abu;;
416;24/01/2021;Tipe3 Biasa 180 Abu-Abu;;
417;26/01/2021;Tipe3 Biasa 160 Pink;;
418;26/01/2021;Tipe3 Biasa 160 Pink;;
419;26/01/2021;Tipe4 Biasa 160 Hitam;;
420;26/01/2021;Tipe4 Biasa 160 Hitam;;
421;26/01/2021;Tipe1 Biasa 160 Abu-Abu;;
422;26/01/2021;Tipe1 Biasa 160 Coklat;;
423;26/01/2021;Tipe1 Biasa 160 Hitam;;
424;26/01/2021;Tipe1 Biasa 160 Merah;;
425;26/01/2021;Tipe2 Biasa 180 Coklat;;
426;28/01/2021;Tipe2 Biasa 160 Hitam;;
427;28/01/2021;Tipe2 Biasa 160 Pink;;
428;28/01/2021;Tipe3 Biasa 160 Coklat;;
429;28/01/2021;Tipe3 Biasa 160 Coklat;;
430;28/01/2021;Tipe4 Biasa 160 Hitam;;
431;28/01/2021;Tipe4 Biasa 140 Pink;;
432;28/01/2021;Tipe3 Laci 180 Hitam;;
433;28/01/2021;Tipe4 Laci 140 Merah;;
434;28/01/2021;Tipe2 Permata 160 Hitam;;
435;28/01/2021;Tipe2 Biasa 140 Abu-Abu;;
436;28/01/2021;Tipe2 Biasa 160 Abu-Abu;;
437;28/01/2021;Tipe2 Biasa 160 Hitam;;
438;28/01/2021;Tipe3 Biasa 160 Abu-Abu;;
439;28/01/2021;Tipe3 Biasa 180 Coklat;;
440;28/01/2021;Tipe3 Biasa 120 Hitam;;
441;28/01/2021;Tipe3 Biasa 180 Hitam;;
442;28/01/2021;Tipe3 Biasa 180 Hitam;;
443;28/01/2021;Tipe4 Biasa 160 Hitam;;
444;28/01/2021;Tipe4 Biasa 160 Hitam;;
445;28/01/2021;Tipe1 Laci 180 Pink;;
446;31/01/2021;Tipe2 Permata 140 Hitam;;
447;31/01/2021;Tipe3 Permata 140 Merah;;
448;31/01/2021;Tipe4 Permata 160 Coklat;;
449;31/01/2021;Tipe1 Biasa 160 Hitam;;
450;31/01/2021;Tipe1 Biasa 160 Hitam;;
451;31/01/2021;Tipe2 Biasa 180 Abu-Abu;;
452;31/01/2021;Tipe2 Biasa 160 Hitam;;
453;31/01/2021;Tipe2 Biasa 120 Merah;;
454;31/01/2021;Tipe2 Biasa 160 Pink;;
455;31/01/2021;Tipe3 Biasa 140 Coklat;;
456;31/01/2021;Tipe3 Biasa 160 Hitam;;
457;31/01/2021;Tipe3 Biasa 160 Pink;;
458;02/02/2021;Tipe4 Biasa 180 Abu-Abu;;
459;02/02/2021;Tipe4 Biasa 120 Hitam;;
460;02/02/2021;Tipe4 Biasa 180 Hitam;;
461;02/02/2021;Tipe1 Laci 160 Hitam;;
462;02/02/2021;Tipe2 Laci 180 Coklat;;
463;02/02/2021;Tipe2 Biasa 160 Abu-Abu;;
464;02/02/2021;Tipe2 Biasa 120 Coklat;;
465;02/02/2021;Tipe2 Biasa 180 Coklat;;
466;02/02/2021;Tipe3 Biasa 180 Abu-Abu;;
467;02/02/2021;Tipe3 Biasa 140 Coklat;;
468;02/02/2021;Tipe3 Biasa 160 Hitam;;
469;04/02/2021;Tipe3 Biasa 160 Hitam;;
470;04/02/2021;Tipe3 Biasa 160 Hitam;;
471;04/02/2021;Tipe4 Biasa 160 Hitam;;
472;04/02/2021;Tipe4 Biasa 180 Hitam;;
473;04/02/2021;Tipe1 Laci 140 Coklat;;
474;04/02/2021;Tipe4 Laci 180 Pink;;
475;04/02/2021;Tipe1 Permata 160 Hitam;;
476;04/02/2021;Tipe3 Permata 160 Hitam;;
477;07/02/2021;Tipe1 Biasa 140 Abu-Abu;;
478;07/02/2021;Tipe1 Biasa 160 Hitam;;
479;07/02/2021;Tipe1 Biasa 160 Hitam;;
480;07/02/2021;Tipe2 Biasa 160 Coklat;;
481;07/02/2021;Tipe2 Biasa 120 Hitam;;
482;07/02/2021;Tipe2 Biasa 160 Hitam;;
483;07/02/2021;Tipe2 Biasa 160 Pink;;
484;07/02/2021;Tipe3 Biasa 180 Coklat;;
485;07/02/2021;Tipe3 Biasa 160 Hitam;;
486;07/02/2021;Tipe3 Biasa 180 Hitam;;
487;07/02/2021;Tipe4 Biasa 160 Hitam;;
488;09/02/2021;Tipe4 Biasa 160 Pink;;
489;09/02/2021;Tipe2 Laci 180 Hitam;;
490;09/02/2021;Tipe2 Permata 140 Hitam;;
491;09/02/2021;Tipe2 Biasa 160 Abu-Abu;;
492;09/02/2021;Tipe2 Biasa 120 Hitam;;
493;09/02/2021;Tipe2 Biasa 160 Hitam;;
494;09/02/2021;Tipe3 Biasa 180 Abu-Abu;;
495;11/02/2021;Tipe3 Biasa 180 Coklat;;
496;11/02/2021;Tipe3 Biasa 160 Pink;;
497;11/02/2021;Tipe4 Biasa 160 Hitam;;
498;11/02/2021;Tipe4 Biasa 160 Hitam;;
499;11/02/2021;Tipe4 Biasa 180 Pink;;
500;11/02/2021;Tipe3 Laci 180 Hitam;;
501;11/02/2021;Tipe4 Laci 160 Coklat;;
502;11/02/2021;Tipe1 Permata 120 Abu-Abu;;
503;11/02/2021;Tipe1 Permata 180 Abu-Abu;;
504;11/02/2021;Tipe3 Permata 160 Hitam;;
505;11/02/2021;Tipe1 Biasa 180 Abu-Abu;;
506;11/02/2021;Tipe2 Biasa 140 Hitam;;
507;11/02/2021;Tipe2 Biasa 140 Hitam;;
508;11/02/2021;Tipe2 Biasa 180 Hitam;;
509;14/02/2021;Tipe3 Biasa 140 Coklat;;
510;14/02/2021;Tipe3 Biasa 140 Hitam;;
511;14/02/2021;Tipe3 Biasa 160 Merah;;
512;14/02/2021;Tipe3 Biasa 160 Pink;;
513;14/02/2021;Tipe4 Biasa 180 Coklat;;
514;14/02/2021;Tipe4 Biasa 160 Hitam;;
515;14/02/2021;Tipe2 Laci 120 Hitam;;
516;14/02/2021;Tipe3 Laci 140 Hitam;;
517;16/02/2021;Tipe4 Laci 140 Abu-Abu;;
518;16/02/2021;Tipe2 Permata 180 Coklat;;
519;16/02/2021;Tipe1 Biasa 180 Hitam;;
520;16/02/2021;Tipe1 Biasa 180 Hitam;;
521;16/02/2021;Tipe1 Biasa 180 Pink;;
522;16/02/2021;Tipe2 Biasa 140 Abu-Abu;;
523;16/02/2021;Tipe2 Biasa 140 Coklat;;
524;16/02/2021;Tipe3 Biasa 180 Abu-Abu;;
525;16/02/2021;Tipe3 Biasa 160 Coklat;;
526;16/02/2021;Tipe4 Biasa 120 Coklat;;
527;16/02/2021;Tipe1 Laci 140 Abu-Abu;;
528;16/02/2021;Tipe2 Laci 160 Coklat;;
529;16/02/2021;Tipe2 Laci 140 Hitam;;
530;18/02/2021;Tipe2 Laci 160 Hitam;;
531;18/02/2021;Tipe3 Laci 140 Hitam;;
532;18/02/2021;Tipe3 Laci 160 Hitam;;
533;18/02/2021;Tipe1 Biasa 180 Abu-Abu;;
534;18/02/2021;Tipe1 Biasa 160 Coklat;;
535;18/02/2021;Tipe1 Biasa 160 Coklat;;
536;18/02/2021;Tipe1 Biasa 160 Hitam;;
537;18/02/2021;Tipe1 Biasa 160 Hitam;;
538;18/02/2021;Tipe2 Biasa 160 Pink;;
539;18/02/2021;Tipe3 Biasa 120 Abu-Abu;;
540;18/02/2021;Tipe3 Biasa 160 Hitam;;
541;18/02/2021;Tipe3 Biasa 160 Hitam;;
542;21/02/2021;Tipe4 Biasa 140 Abu-Abu;;
543;21/02/2021;Tipe4 Biasa 160 Coklat;;
544;21/02/2021;Tipe1 Laci 120 Abu-Abu;;
545;21/02/2021;Tipe3 Laci 160 Coklat;;
546;21/02/2021;Tipe4 Permata 160 Hitam;;
547;21/02/2021;Tipe1 Biasa 160 Abu-Abu;;
548;21/02/2021;Tipe1 Biasa 160 Coklat;;
549;21/02/2021;Tipe1 Biasa 120 Hitam;;
550;21/02/2021;Tipe1 Biasa 160 Hitam;;
551;23/02/2021;Tipe1 Biasa 160 Hitam;;
552;23/02/2021;Tipe2 Biasa 160 Coklat;;
553;23/02/2021;Tipe2 Biasa 160 Hitam;;
554;23/02/2021;Tipe3 Biasa 160 Abu-Abu;;
555;23/02/2021;Tipe3 Biasa 180 Abu-Abu;;
556;23/02/2021;Tipe3 Biasa 180 Abu-Abu;;
557;23/02/2021;Tipe3 Biasa 160 Hitam;;
558;23/02/2021;Tipe3 Biasa 160 Hitam;;
559;23/02/2021;Tipe3 Biasa 160 Hitam;;
560;23/02/2021;Tipe1 Permata 180 Coklat;;
561;23/02/2021;Tipe1 Biasa 120 Hitam;;
562;25/02/2021;Tipe1 Biasa 160 Merah;;
563;25/02/2021;Tipe1 Biasa 160 Pink;;
564;25/02/2021;Tipe2 Biasa 120 Coklat;;
565;25/02/2021;Tipe2 Biasa 140 Hitam;;
566;25/02/2021;Tipe2 Biasa 160 Hitam;;
567;25/02/2021;Tipe2 Biasa 160 Pink;;
568;25/02/2021;Tipe3 Biasa 140 Abu-Abu;;
569;25/02/2021;Tipe3 Biasa 160 Abu-Abu;;
570;25/02/2021;Tipe4 Biasa 180 Hitam;;
571;25/02/2021;Tipe3 Laci 120 Abu-Abu;;
572;28/02/2021;Tipe3 Laci 160 Coklat;;
573;28/02/2021;Tipe3 Permata 180 Abu-Abu;;
574;28/02/2021;Tipe3 Permata 140 Hitam;;
575;28/02/2021;Tipe1 Biasa 180 Coklat;;
576;28/02/2021;Tipe1 Biasa 180 Coklat;;
577;28/02/2021;Tipe1 Biasa 180 Hitam;;
578;28/02/2021;Tipe2 Biasa 180 Abu-Abu;;
579;28/02/2021;Tipe2 Biasa 140 Hitam;;
580;28/02/2021;Tipe2 Biasa 160 Hitam;;
581;02/03/2021;Tipe2 Biasa 180 Merah;;
582;02/03/2021;Tipe3 Biasa 140 Hitam;;
583;02/03/2021;Tipe3 Biasa 180 Hitam;;
584;02/03/2021;Tipe3 Biasa 140 Pink;;
585;02/03/2021;Tipe3 Biasa 160 Pink;;
586;02/03/2021;Tipe4 Biasa 140 Coklat;;
587;02/03/2021;Tipe1 Laci 180 Pink;;
588;02/03/2021;Tipe1 Permata 160 Abu-Abu;;
589;02/03/2021;Tipe1 Biasa 140 Coklat;;
590;02/03/2021;Tipe2 Biasa 140 Coklat;;
591;02/03/2021;Tipe2 Biasa 160 Coklat;;
592;02/03/2021;Tipe2 Biasa 160 Hitam;;
593;02/03/2021;Tipe2 Biasa 140 Merah;;
594;02/03/2021;Tipe2 Biasa 160 Pink;;
595;02/03/2021;Tipe3 Biasa 180 Abu-Abu;;
596;02/03/2021;Tipe3 Biasa 120 Coklat;;
597;04/03/2021;Tipe3 Biasa 160 Hitam;;
598;04/03/2021;Tipe4 Biasa 160 Hitam;;
599;04/03/2021;Tipe1 Laci 160 Abu-Abu;;
600;04/03/2021;Tipe1 Laci 160 Coklat;;
601;04/03/2021;Tipe2 Laci 160 Hitam;;
602;04/03/2021;Tipe2 Laci 160 Pink;;
603;04/03/2021;Tipe1 Biasa 180 Abu-Abu;;
604;04/03/2021;Tipe1 Biasa 120 Coklat;;
605;04/03/2021;Tipe2 Biasa 160 Abu-Abu;;
606;04/03/2021;Tipe2 Biasa 120 Hitam;;
607;04/03/2021;Tipe2 Biasa 140 Hitam;;
608;04/03/2021;Tipe2 Biasa 140 Hitam;;
609;04/03/2021;Tipe2 Biasa 180 Hitam;;
610;07/03/2021;Tipe2 Biasa 180 Pink;;
611;07/03/2021;Tipe3 Biasa 120 Coklat;;
612;07/03/2021;Tipe4 Biasa 180 Coklat;;
613;07/03/2021;Tipe4 Biasa 140 Pink;;
614;07/03/2021;Tipe3 Laci 160 Hitam;;
615;07/03/2021;Tipe3 Permata 180 Abu-Abu;;
616;07/03/2021;Tipe3 Permata 180 Hitam;;
617;07/03/2021;Tipe1 Biasa 120 Abu-Abu;;
618;07/03/2021;Tipe1 Biasa 140 Abu-Abu;;
619;07/03/2021;Tipe1 Biasa 160 Abu-Abu;;
620;09/03/2021;Tipe1 Biasa 180 Pink;;
621;09/03/2021;Tipe2 Biasa 160 Abu-Abu;;
622;09/03/2021;Tipe2 Biasa 180 Abu-Abu;;
623;09/03/2021;Tipe3 Biasa 160 Hitam;;
624;09/03/2021;Tipe3 Biasa 180 Hitam;;
625;09/03/2021;Tipe3 Biasa 180 Pink;;
626;09/03/2021;Tipe4 Biasa 160 Abu-Abu;;
627;11/03/2021;Tipe4 Biasa 180 Pink;;
628;11/03/2021;Tipe1 Laci 140 Hitam;;
629;11/03/2021;Tipe2 Laci 140 Hitam;;
630;11/03/2021;Tipe2 Permata 180 Coklat;;
631;11/03/2021;Tipe1 Biasa 140 Abu-Abu;;
632;11/03/2021;Tipe1 Biasa 160 Hitam;;
633;11/03/2021;Tipe1 Biasa 160 Hitam;;
634;11/03/2021;Tipe1 Biasa 160 Pink;;
635;11/03/2021;Tipe2 Biasa 160 Abu-Abu;;
636;11/03/2021;Tipe2 Biasa 140 Hitam;;
637;11/03/2021;Tipe2 Biasa 140 Hitam;;
638;11/03/2021;Tipe2 Biasa 160 Hitam;;
639;11/03/2021;Tipe2 Biasa 160 Hitam;;
640;11/03/2021;Tipe2 Biasa 180 Hitam;;
641;14/03/2021;Tipe3 Biasa 160 Hitam;;
642;14/03/2021;Tipe4 Biasa 160 Abu-Abu;;
643;14/03/2021;Tipe4 Biasa 160 Abu-Abu;;
644;14/03/2021;Tipe4 Laci 160 Pink;;
645;14/03/2021;Tipe1 Biasa 180 Coklat;;
646;14/03/2021;Tipe1 Biasa 160 Hitam;;
647;14/03/2021;Tipe1 Biasa 180 Hitam;;
648;14/03/2021;Tipe1 Biasa 140 Pink;;
649;14/03/2021;Tipe2 Biasa 120 Coklat;;
650;14/03/2021;Tipe2 Biasa 160 Hitam;;
651;14/03/2021;Tipe3 Biasa 160 Abu-Abu;;
652;16/03/2021;Tipe3 Biasa 180 Hitam;;
653;16/03/2021;Tipe3 Biasa 160 Pink;;
654;16/03/2021;Tipe4 Biasa 140 Abu-Abu;;
655;16/03/2021;Tipe4 Biasa 160 Coklat;;
656;16/03/2021;Tipe4 Biasa 160 Coklat;;
657;16/03/2021;Tipe4 Laci 120 Hitam;;
658;16/03/2021;Tipe2 Permata 160 Coklat;;
659;16/03/2021;Tipe4 Biasa 140 Hitam;;
660;16/03/2021;Tipe4 Biasa 140 Hitam;;
661;16/03/2021;Tipe1 Biasa 140 Coklat;;
662;16/03/2021;Tipe1 Biasa 160 Coklat;;
663;16/03/2021;Tipe2 Biasa 160 Abu-Abu;;
664;16/03/2021;Tipe2 Biasa 140 Hitam;;
665;18/03/2021;Tipe3 Biasa 140 Hitam;;
666;18/03/2021;Tipe4 Biasa 140 Coklat;;
667;18/03/2021;Tipe4 Biasa 140 Coklat;;
668;18/03/2021;Tipe4 Biasa 180 Coklat;;
669;18/03/2021;Tipe4 Biasa 140 Hitam;;
670;18/03/2021;Tipe4 Biasa 160 Hitam;;
671;18/03/2021;Tipe4 Biasa 180 Hitam;;
672;18/03/2021;Tipe4 Biasa 180 Pink;;
673;18/03/2021;Tipe3 Laci 160 Pink;;
674;18/03/2021;Tipe3 Permata 180 Coklat;;
675;21/03/2021;Tipe1 Biasa 180 Coklat;;
676;21/03/2021;Tipe1 Biasa 120 Hitam;;
677;21/03/2021;Tipe1 Biasa 160 Hitam;;
678;21/03/2021;Tipe1 Biasa 160 Pink;;
679;21/03/2021;Tipe2 Biasa 160 Merah;;
680;21/03/2021;Tipe2 Biasa 180 Pink;;
681;21/03/2021;Tipe3 Biasa 160 Abu-Abu;;
682;21/03/2021;Tipe3 Biasa 160 Hitam;;
683;23/03/2021;Tipe3 Biasa 120 Pink;;
684;23/03/2021;Tipe3 Biasa 160 Pink;;
685;23/03/2021;Tipe4 Biasa 160 Abu-Abu;;
686;23/03/2021;Tipe3 Permata 160 Coklat;;
687;23/03/2021;Tipe3 Permata 120 Hitam;;
688;23/03/2021;Tipe4 Permata 160 Abu-Abu;;
689;25/03/2021;Tipe1 Biasa 160 Hitam;;
690;25/03/2021;Tipe2 Biasa 180 Hitam;;
691;25/03/2021;Tipe3 Biasa 140 Coklat;;
692;25/03/2021;Tipe4 Biasa 140 Abu-Abu;;
693;25/03/2021;Tipe4 Biasa 180 Hitam;;
694;25/03/2021;Tipe2 Permata 180 Hitam;;
695;25/03/2021;Tipe3 Permata 160 Hitam;;
696;25/03/2021;Tipe3 Biasa 160 Abu-Abu;;
697;25/03/2021;Tipe4 Biasa 160 Coklat;;
698;25/03/2021;Tipe4 Biasa 160 Coklat;;
699;25/03/2021;Tipe4 Biasa 180 Coklat;;
700;25/03/2021;Tipe1 Laci 160 Hitam;;
701;28/03/2021;Tipe3 Laci 180 Abu-Abu;;
702;28/03/2021;Tipe3 Laci 160 Coklat;;
703;28/03/2021;Tipe1 Biasa 160 Abu-Abu;;
704;28/03/2021;Tipe1 Biasa 160 Coklat;;
705;28/03/2021;Tipe1 Biasa 140 Pink;;
706;28/03/2021;Tipe2 Biasa 120 Abu-Abu;;
707;28/03/2021;Tipe2 Biasa 160 Coklat;;
708;30/03/2021;Tipe2 Biasa 160 Hitam;;
709;30/03/2021;Tipe2 Biasa 140 Merah;;
710;30/03/2021;Tipe3 Biasa 120 Hitam;;
711;30/03/2021;Tipe3 Biasa 140 Hitam;;
712;30/03/2021;Tipe3 Biasa 160 Hitam;;
713;30/03/2021;Tipe3 Laci 180 Merah;;
714;30/03/2021;Tipe3 Permata 180 Abu-Abu;;
715;30/03/2021;Tipe3 Permata 140 Hitam;;
716;30/03/2021;Tipe4 Permata 120 Hitam;;
717;30/03/2021;Tipe2 Biasa 160 Abu-Abu;;
718;01/04/2021;Tipe2 Biasa 160 Abu-Abu;;
719;01/04/2021;Tipe2 Biasa 160 Coklat;;
720;01/04/2021;Tipe3 Biasa 160 Coklat;;
721;01/04/2021;Tipe3 Biasa 160 Hitam;;
722;01/04/2021;Tipe4 Biasa 160 Abu-Abu;;
723;01/04/2021;Tipe1 Laci 160 Abu-Abu;;
724;01/04/2021;Tipe1 Biasa 160 Hitam;;
725;01/04/2021;Tipe2 Biasa 120 Hitam;;
726;01/04/2021;Tipe2 Biasa 180 Hitam;;
727;01/04/2021;Tipe3 Biasa 160 Hitam;;
728;01/04/2021;Tipe3 Biasa 160 Pink;;
729;01/04/2021;Tipe1 Laci 160 Hitam;;
730;01/04/2021;Tipe2 Permata 160 Hitam;;
731;01/04/2021;Tipe1 Biasa 180 Pink;;
732;04/04/2021;Tipe2 Biasa 140 Abu-Abu;;
733;04/04/2021;Tipe2 Biasa 160 Hitam;;
734;04/04/2021;Tipe3 Biasa 140 Hitam;;
735;04/04/2021;Tipe3 Biasa 140 Hitam;;
736;04/04/2021;Tipe3 Laci 180 Abu-Abu;;
737;04/04/2021;Tipe4 Laci 160 Coklat;;
738;04/04/2021;Tipe1 Biasa 160 Hitam;;
739;04/04/2021;Tipe1 Biasa 180 Hitam;;
740;04/04/2021;Tipe1 Biasa 140 Pink;;
741;04/04/2021;Tipe2 Biasa 180 Abu-Abu;;
742;06/04/2021;Tipe2 Biasa 180 Coklat;;
743;06/04/2021;Tipe3 Biasa 160 Hitam;;
744;06/04/2021;Tipe4 Biasa 160 Hitam;;
745;06/04/2021;Tipe2 Biasa 120 Coklat;;
746;06/04/2021;Tipe2 Biasa 140 Hitam;;
747;06/04/2021;Tipe3 Biasa 160 Abu-Abu;;
748;06/04/2021;Tipe3 Biasa 160 Hitam;;
749;06/04/2021;Tipe3 Biasa 160 Hitam;;
750;06/04/2021;Tipe4 Biasa 180 Hitam;;
751;06/04/2021;Tipe2 Permata 120 Coklat;;
752;06/04/2021;Tipe1 Biasa 180 Abu-Abu;;
753;06/04/2021;Tipe1 Biasa 140 Coklat;;
754;08/04/2021;Tipe1 Biasa 160 Hitam;;
755;08/04/2021;Tipe1 Biasa 180 Hitam;;
756;08/04/2021;Tipe1 Biasa 140 Merah;;
757;08/04/2021;Tipe2 Biasa 120 Coklat;;
758;08/04/2021;Tipe4 Biasa 120 Coklat;;
759;08/04/2021;Tipe1 Biasa 160 Abu-Abu;;
760;08/04/2021;Tipe1 Biasa 180 Hitam;;
761;08/04/2021;Tipe2 Biasa 160 Abu-Abu;;
762;08/04/2021;Tipe2 Biasa 140 Hitam;;
763;08/04/2021;Tipe2 Biasa 160 Hitam;;
764;08/04/2021;Tipe2 Biasa 160 Merah;;
765;08/04/2021;Tipe3 Biasa 180 Coklat;;
766;08/04/2021;Tipe3 Biasa 120 Hitam;;
767;08/04/2021;Tipe3 Biasa 160 Merah;;
768;08/04/2021;Tipe4 Biasa 160 Abu-Abu;;
769;08/04/2021;Tipe4 Biasa 140 Coklat;;
770;08/04/2021;Tipe3 Laci 160 Pink;;
771;08/04/2021;Tipe1 Biasa 120 Coklat;;
772;08/04/2021;Tipe1 Biasa 160 Coklat;;
773;11/04/2021;Tipe1 Biasa 140 Hitam;;
774;11/04/2021;Tipe2 Biasa 160 Coklat;;
775;11/04/2021;Tipe2 Biasa 140 Hitam;;
776;11/04/2021;Tipe2 Biasa 160 Merah;;
777;11/04/2021;Tipe3 Biasa 160 Hitam;;
778;11/04/2021;Tipe1 Biasa 120 Hitam;;
779;11/04/2021;Tipe4 Biasa 160 Abu-Abu;;
780;11/04/2021;Tipe1 Biasa 140 Coklat;;
781;11/04/2021;Tipe2 Biasa 120 Abu-Abu;;
782;11/04/2021;Tipe2 Biasa 160 Hitam;;
783;13/04/2021;Tipe3 Biasa 140 Hitam;;
784;13/04/2021;Tipe3 Biasa 160 Hitam;;
785;13/04/2021;Tipe3 Biasa 180 Hitam;;
786;13/04/2021;Tipe3 Biasa 140 Merah;;
787;13/04/2021;Tipe3 Biasa 160 Pink;;
788;13/04/2021;Tipe4 Biasa 140 Coklat;;
789;13/04/2021;Tipe4 Biasa 160 Hitam;;
790;13/04/2021;Tipe4 Biasa 160 Hitam;;
791;13/04/2021;Tipe4 Biasa 160 Merah;;
792;13/04/2021;Tipe4 Biasa 160 Hitam;;
793;13/04/2021;Tipe2 Laci 160 Pink;;
794;15/04/2021;Tipe1 Biasa 160 Abu-Abu;;
795;15/04/2021;Tipe1 Biasa 140 Coklat;;
796;15/04/2021;Tipe1 Biasa 160 Hitam;;
797;15/04/2021;Tipe2 Biasa 160 Coklat;;
798;15/04/2021;Tipe3 Biasa 140 Abu-Abu;;
799;15/04/2021;Tipe3 Biasa 140 Abu-Abu;;
800;15/04/2021;Tipe3 Biasa 160 Abu-Abu;;
801;15/04/2021;Tipe3 Biasa 140 Hitam;;
802;15/04/2021;Tipe3 Biasa 160 Pink;;
803;15/04/2021;Tipe4 Biasa 180 Abu-Abu;;
804;15/04/2021;Tipe4 Biasa 160 Hitam;;
805;15/04/2021;Tipe2 Laci 160 Coklat;;
806;15/04/2021;Tipe1 Biasa 160 Coklat;;
807;15/04/2021;Tipe1 Biasa 180 Hitam;;
808;15/04/2021;Tipe2 Biasa 160 Coklat;;
809;18/04/2021;Tipe2 Biasa 120 Hitam;;
810;18/04/2021;Tipe2 Biasa 140 Hitam;;
811;18/04/2021;Tipe2 Biasa 140 Hitam;;
812;18/04/2021;Tipe3 Biasa 140 Coklat;;
813;18/04/2021;Tipe1 Laci 120 Merah;;
814;18/04/2021;Tipe2 Laci 160 Coklat;;
815;18/04/2021;Tipe1 Permata 160 Abu-Abu;;
816;18/04/2021;Tipe3 Permata 160 Hitam;;
817;20/04/2021;Tipe4 Permata 180 Hitam;;
818;20/04/2021;Tipe2 Biasa 180 Coklat;;
819;20/04/2021;Tipe2 Biasa 140 Hitam;;
820;20/04/2021;Tipe1 Biasa 160 Hitam;;
821;20/04/2021;Tipe2 Biasa 140 Abu-Abu;;
822;20/04/2021;Tipe2 Biasa 160 Hitam;;
823;20/04/2021;Tipe4 Biasa 120 Abu-Abu;;
824;20/04/2021;Tipe2 Laci 120 Coklat;;
825;20/04/2021;Tipe2 Laci 160 Coklat;;
826;20/04/2021;Tipe3 Laci 160 Abu-Abu;;
827;20/04/2021;Tipe1 Permata 160 Abu-Abu;;
828;20/04/2021;Tipe1 Permata 140 Pink;;
829;20/04/2021;Tipe2 Permata 160 Hitam;;
830;22/04/2021;Tipe3 Permata 120 Hitam;;
831;22/04/2021;Tipe4 Permata 140 Merah;;
832;22/04/2021;Tipe2 Biasa 180 Hitam;;
833;22/04/2021;Tipe2 Biasa 140 Pink;;
834;22/04/2021;Tipe1 Biasa 160 Pink;;
835;22/04/2021;Tipe2 Laci 160 Hitam;;
836;22/04/2021;Tipe1 Biasa 160 Coklat;;
837;22/04/2021;Tipe2 Biasa 180 Hitam;;
838;22/04/2021;Tipe3 Biasa 160 Abu-Abu;;
839;22/04/2021;Tipe3 Biasa 140 Coklat;;
840;22/04/2021;Tipe3 Biasa 180 Coklat;;
841;22/04/2021;Tipe3 Biasa 160 Hitam;;
842;22/04/2021;Tipe3 Biasa 160 Pink;;
843;22/04/2021;Tipe2 Laci 140 Coklat;;
844;22/04/2021;Tipe3 Laci 180 Abu-Abu;;
845;25/04/2021;Tipe2 Permata 160 Abu-Abu;;
846;25/04/2021;Tipe3 Permata 180 Abu-Abu;;
847;25/04/2021;Tipe3 Permata 180 Merah;;
848;25/04/2021;Tipe2 Biasa 180 Abu-Abu;;
849;25/04/2021;Tipe3 Biasa 180 Hitam;;
850;25/04/2021;Tipe1 Biasa 140 Abu-Abu;;
851;25/04/2021;Tipe1 Biasa 160 Coklat;;
852;25/04/2021;Tipe1 Biasa 160 Hitam;;
853;27/04/2021;Tipe3 Biasa 160 Abu-Abu;;
854;27/04/2021;Tipe3 Biasa 160 Coklat;;
855;27/04/2021;Tipe3 Biasa 120 Hitam;;
856;27/04/2021;Tipe3 Biasa 120 Hitam;;
857;27/04/2021;Tipe3 Biasa 160 Pink;;
858;27/04/2021;Tipe4 Biasa 160 Hitam;;
859;27/04/2021;Tipe2 Laci 160 Hitam;;
860;27/04/2021;Tipe3 Laci 160 Hitam;;
861;27/04/2021;Tipe3 Permata 120 Coklat;;
862;29/04/2021;Tipe1 Biasa 160 Abu-Abu;;
863;29/04/2021;Tipe1 Biasa 160 Coklat;;
864;29/04/2021;Tipe1 Biasa 160 Hitam;;
865;29/04/2021;Tipe2 Biasa 140 Coklat;;
866;29/04/2021;Tipe2 Biasa 160 Coklat;;
867;29/04/2021;Tipe2 Biasa 180 Coklat;;
868;29/04/2021;Tipe3 Biasa 140 Abu-Abu;;
869;29/04/2021;Tipe3 Biasa 140 Abu-Abu;;
870;29/04/2021;Tipe3 Biasa 140 Hitam;;
871;29/04/2021;Tipe3 Biasa 140 Hitam;;
872;29/04/2021;Tipe3 Biasa 160 Hitam;;
873;29/04/2021;Tipe4 Biasa 160 Merah;;
874;29/04/2021;Tipe3 Biasa 160 Hitam;;
875;29/04/2021;Tipe4 Biasa 140 Hitam;;
876;29/04/2021;Tipe1 Biasa 180 Abu-Abu;;
877;29/04/2021;Tipe1 Biasa 120 Hitam;;
878;29/04/2021;Tipe1 Biasa 180 Pink;;
879;29/04/2021;Tipe2 Biasa 160 Abu-Abu;;
880;29/04/2021;Tipe2 Biasa 160 Hitam;;
881;02/05/2021;Tipe2 Biasa 180 Pink;;
882;02/05/2021;Tipe3 Biasa 180 Coklat;;
883;02/05/2021;Tipe3 Biasa 160 Hitam;;
884;02/05/2021;Tipe4 Biasa 160 Hitam;;
885;02/05/2021;Tipe3 Laci 160 Hitam;;
886;04/05/2021;Tipe2 Permata 140 Hitam;;
887;04/05/2021;Tipe4 Permata 140 Abu-Abu;;
888;04/05/2021;Tipe1 Biasa 160 Hitam;;
889;04/05/2021;Tipe2 Biasa 160 Abu-Abu;;
890;04/05/2021;Tipe1 Biasa 140 Abu-Abu;;
891;04/05/2021;Tipe4 Biasa 180 Hitam;;
892;04/05/2021;Tipe1 Biasa 180 Abu-Abu;;
893;04/05/2021;Tipe1 Biasa 180 Hitam;;
894;04/05/2021;Tipe2 Biasa 120 Abu-Abu;;
895;04/05/2021;Tipe2 Biasa 140 Abu-Abu;;
896;04/05/2021;Tipe2 Biasa 160 Hitam;;
897;06/05/2021;Tipe3 Biasa 160 Pink;;
898;06/05/2021;Tipe4 Biasa 180 Abu-Abu;;
899;06/05/2021;Tipe4 Laci 160 Hitam;;
900;06/05/2021;Tipe1 Permata 180 Abu-Abu;;
901;06/05/2021;Tipe2 Permata 120 Abu-Abu;;
902;06/05/2021;Tipe2 Permata 140 Hitam;;
903;06/05/2021;Tipe4 Permata 140 Abu-Abu;;
904;06/05/2021;Tipe3 Laci 160 Hitam;;
905;06/05/2021;Tipe3 Laci 180 Hitam;;
906;06/05/2021;Tipe1 Biasa 120 Pink;;
907;06/05/2021;Tipe2 Biasa 160 Hitam;;
908;06/05/2021;Tipe2 Biasa 180 Hitam;;
909;09/05/2021;Tipe3 Biasa 120 Abu-Abu;;
910;09/05/2021;Tipe3 Biasa 140 Abu-Abu;;
911;09/05/2021;Tipe3 Biasa 160 Abu-Abu;;
912;09/05/2021;Tipe3 Biasa 180 Abu-Abu;;
913;09/05/2021;Tipe3 Biasa 160 Coklat;;
914;09/05/2021;Tipe3 Biasa 180 Hitam;;
915;09/05/2021;Tipe3 Biasa 160 Pink;;
916;11/05/2021;Tipe4 Biasa 140 Hitam;;
917;11/05/2021;Tipe4 Permata 120 Hitam;;
918;11/05/2021;Tipe1 Biasa 120 Hitam;;
919;11/05/2021;Tipe1 Biasa 120 Hitam;;
920;13/05/2021;Tipe1 Biasa 180 Merah;;
921;13/05/2021;Tipe1 Biasa 160 Pink;;
922;13/05/2021;Tipe1 Biasa 180 Pink;;
923;13/05/2021;Tipe2 Biasa 160 Hitam;;
924;13/05/2021;Tipe3 Biasa 140 Abu-Abu;;
925;13/05/2021;Tipe3 Biasa 160 Coklat;;
926;13/05/2021;Tipe3 Biasa 160 Coklat;;
927;13/05/2021;Tipe4 Biasa 160 Hitam;;
928;13/05/2021;Tipe4 Laci 140 Coklat;;
929;13/05/2021;Tipe3 Permata 160 Coklat;;
930;13/05/2021;Tipe1 Biasa 140 Abu-Abu;;
931;13/05/2021;Tipe1 Biasa 160 Abu-Abu;;
932;13/05/2021;Tipe2 Biasa 120 Abu-Abu;;
933;16/05/2021;Tipe2 Biasa 160 Abu-Abu;;
934;16/05/2021;Tipe2 Biasa 160 Abu-Abu;;
935;16/05/2021;Tipe3 Biasa 180 Abu-Abu;;
936;16/05/2021;Tipe3 Biasa 140 Coklat;;
937;16/05/2021;Tipe3 Biasa 160 Hitam;;
938;16/05/2021;Tipe3 Biasa 180 Hitam;;
939;16/05/2021;Tipe4 Biasa 140 Abu-Abu;;
940;16/05/2021;Tipe3 Laci 160 Merah;;
941;16/05/2021;Tipe2 Biasa 120 Hitam;;
942;16/05/2021;Tipe3 Biasa 160 Abu-Abu;;
943;16/05/2021;Tipe1 Biasa 180 Hitam;;
944;16/05/2021;Tipe2 Biasa 160 Hitam;;
945;16/05/2021;Tipe2 Biasa 160 Pink;;
946;16/05/2021;Tipe1 Biasa 160 Hitam;;
947;19/05/2021;Tipe2 Biasa 160 Coklat;;
948;19/05/2021;Tipe1 Biasa 120 Coklat;;
949;19/05/2021;Tipe2 Biasa 180 Coklat;;
950;19/05/2021;Tipe2 Biasa 180 Hitam;;
951;19/05/2021;Tipe3 Biasa 180 Abu-Abu;;
952;19/05/2021;Tipe3 Biasa 160 Coklat;;
953;19/05/2021;Tipe3 Biasa 160 Coklat;;
954;19/05/2021;Tipe3 Biasa 160 Pink;;
955;19/05/2021;Tipe4 Biasa 160 Hitam;;
956;19/05/2021;Tipe4 Biasa 180 Merah;;
957;19/05/2021;Tipe3 Laci 160 Hitam;;
958;19/05/2021;Tipe2 Permata 120 Hitam;;
959;19/05/2021;Tipe4 Biasa 160 Hitam;;
960;19/05/2021;Tipe2 Biasa 160 Coklat;;
961;21/05/2021;Tipe2 Biasa 120 Hitam;;
962;21/05/2021;Tipe3 Biasa 160 Abu-Abu;;
963;21/05/2021;Tipe3 Biasa 180 Abu-Abu;;
964;21/05/2021;Tipe3 Biasa 180 Hitam;;
965;21/05/2021;Tipe3 Biasa 180 Hitam;;
966;21/05/2021;Tipe4 Biasa 160 Coklat;;
967;21/05/2021;Tipe4 Biasa 140 Hitam;;
968;21/05/2021;Tipe1 Permata 180 Abu-Abu;;
969;21/05/2021;Tipe1 Permata 180 Hitam;;
970;21/05/2021;Tipe4 Permata 160 Abu-Abu;;
971;23/05/2021;Tipe3 Biasa 160 Coklat;;
972;23/05/2021;Tipe1 Biasa 180 Abu-Abu;;
973;23/05/2021;Tipe1 Biasa 160 Coklat;;
974;23/05/2021;Tipe2 Biasa 160 Coklat;;
975;23/05/2021;Tipe2 Biasa 160 Pink;;
976;23/05/2021;Tipe3 Biasa 140 Coklat;;
977;23/05/2021;Tipe3 Biasa 140 Hitam;;
978;23/05/2021;Tipe4 Biasa 160 Abu-Abu;;
979;23/05/2021;Tipe4 Biasa 140 Hitam;;
980;23/05/2021;Tipe4 Biasa 160 Hitam;;
981;25/05/2021;Tipe2 Laci 160 Hitam;;
982;25/05/2021;Tipe3 Laci 160 Hitam;;
983;25/05/2021;Tipe2 Biasa 160 Hitam;;
984;25/05/2021;Tipe3 Biasa 180 Coklat;;
985;25/05/2021;Tipe4 Biasa 120 Pink;;
986;25/05/2021;Tipe3 Laci 160 Coklat;;
987;25/05/2021;Tipe1 Biasa 140 Hitam;;
988;25/05/2021;Tipe2 Biasa 140 Abu-Abu;;
989;27/05/2021;Tipe3 Biasa 160 Coklat;;
990;27/05/2021;Tipe2 Biasa 140 Hitam;;
991;27/05/2021;Tipe1 Biasa 160 Hitam;;
992;27/05/2021;Tipe3 Biasa 140 Hitam;;
993;27/05/2021;Tipe1 Biasa 160 Coklat;;
994;27/05/2021;Tipe1 Biasa 140 Hitam;;
995;27/05/2021;Tipe1 Biasa 180 Hitam;;
996;27/05/2021;Tipe3 Biasa 180 Hitam;;
997;27/05/2021;Tipe2 Biasa 160 Abu-Abu;;
998;27/05/2021;Tipe2 Biasa 140 Hitam;;
999;27/05/2021;Tipe2 Biasa 160 Hitam;;
1000;27/05/2021;Tipe3 Permata 180 Hitam;;
